Model,RMSE,MAE,MAPE,Dir. Acc.,R²
Random Walk,0.10339018494548737,0.08407948819327503,153.74403616766512,49.152542372881356,-1.7791430123931606
Equal Wt. Index,0.060051227997899574,0.04707762430200441,83.78025039308248,72.88135593220339,0.062446505300878585
AR(1),0.05825276656689223,0.04696967534114582,92.53161845037687,49.152542372881356,0.11776276525671892
AR(3),0.03416933748349073,0.025451660413124876,66.5432430673489,96.61016949152543,0.6964533894065403
OLS,0.033597891956981214,0.026408172518874957,67.73942850627901,94.91525423728814,0.7065214736123293
Ridge,0.03351005707362255,0.026555287879477883,66.46458150001855,94.91525423728814,0.7080539481462282
Lasso,0.03293830467965894,0.02625902610963484,65.93648184915367,94.91525423728814,0.7179313913520886
SAA Index,0.06038331944898804,0.04618928866886094,88.0883685702085,74.57627118644068,0.05204823620562471
